Country,Birth Rate,Business Tax Rate,log10_CO2 Emissions,Days to Start Business,Ease of Business,log10_Energy Usage,log10_GDP,Health Exp % GDP,log10_Health Exp/Capita,Hours to do Tax,Infant Mortality Rate,Internet Usage,Lending Interest,Life Expectancy Female,Life Expectancy Male,Mobile Phone Usage,log10_Population Total,Population Urban,log10_Tourism Inbound,log10_Tourism Outbound,ISO Code,cluster_label
Afghanistan,0.04118666666666667,37.790851809315406,3.4487512055225324,10.61514740258017,173.8205241143204,3.5838268357024896,9.99932425580489,0.089889730793608,1.4988089014967203,280.4687123202458,0.07966666666666665,0.024170389340565427,0.1784468275292014,59.559999999999995,57.09333333333334,0.3171625726535281,7.423712674525844,0.23846666666666666,7.904058385976678,7.953794049952062,AFG,1
Albania,0.013826666666666664,41.72882648735876,3.817067763941056,20.217653364905676,125.17234957936626,3.4187613700908304,9.992813249497377,0.06086666666666666,2.2704711575297356,363.23605817402455,0.016506666666666666,0.2693333333333333,0.13106666666666666,79.62666666666668,73.4,0.7,6.465060717607595,0.49561333333333335,9.104824521848752,9.042930813507661,ALB,3
Algeria,0.022986666666666666,47.810755919115614,5.041421571066992,25.228466792985856,141.97415567535114,4.5601775305749666,11.116484116501116,0.03989333333333333,2.1621465599270535,444.7278701814917,0.026106666666666663,0.09200000000000001,0.08095999999999999,71.84,68.62666666666665,0.6560000000000001,7.5513585759544855,0.6572,8.464705749130953,8.692669203714932,DZA,3
American Samoa,0.01952974280662163,36.098327269522926,2.615035421046307,16.999999999999996,91.11653241958757,1.4862284146830194,9.082155347695782,0.0844683427355842,3.0936785941013323,128.0,0.009430928462242739,0.52407018616587,0.09636795134438782,73.71056415512628,68.97138288991393,0.12998810841837885,4.75651780501833,0.8784,8.356501069242078,7.794126752931206,ASM,2
Andorra,0.010333333333333335,39.57483306734727,2.7265924777833512,23.19555071149429,73.84985429302732,3.22334236285622,9.498402405768838,0.06543999999999998,3.4167187152482392,90.46212610942321,0.0027333333333333333,0.6139246545231913,0.06901347129763094,79.87141948177162,74.30875846999334,0.7599999999999999,4.893950108840675,0.8899333333333334,8.770406219708807,8.381554560956937,AND,2
Angola,0.047639999999999995,49.569093736513,4.033598017552062,60.319877543782624,169.31499309712942,4.044514320389382,10.715636805635018,0.040053333333333344,2.0548555249170715,279.4426509239781,0.11501333333333333,0.05733333333333334,0.36569333333333337,51.01333333333333,48.18666666666666,0.3173333333333333,7.2559358787252926,0.38220000000000004,8.400734695742246,8.3588426403366,AGO,1
Antigua and Barbuda,0.017906666666666668,43.53299825811267,2.667248525168243,21.769576760332953,93.61644270243731,2.16035979331838,9.042410825778529,0.047933333333333335,2.788583698821829,185.79125754277496,0.00968,0.37333333333333335,0.10918666666666667,77.37333333333332,72.46666666666665,1.3466666666666667,4.929186773769238,0.2767466666666667,8.527553733003975,7.7095698020123,ATG,2
Argentina,0.017373333333333334,51.03894383737918,5.27132558324815,30.22958893433242,135.3768839660865,4.8782581596542895,11.535149544870569,0.08402666666666667,2.770498690804636,429.7349677358544,0.01416,0.332,0.14656,79.03999999999999,71.50666666666666,1.0306666666666666,7.5969564204454665,0.9053199999999999,9.629642532637853,9.71713772398264,ARG,3
Armenia,0.01392,38.212304728659305,3.7665137604651866,15.348426193214282,131.11783809166843,3.4850273352555208,9.841024935414964,0.046253333333333334,2.0251196209903535,520.494979079368,0.018533333333333336,0.17200000000000001,0.18560000000000001,77.21333333333332,70.37333333333332,0.6266666666666667,6.475823896006855,0.6387066666666666,8.475385498002508,8.501602370134714,ARM,3
Aruba,0.011573333333333335,37.01401977021893,3.253982372049387,19.325469389115963,69.44689275528593,2.6563162219266148,9.386196529888979,0.06895834617929658,2.9931164927479554,186.08836436465626,0.012114349718550773,0.45866666666666667,0.10852,77.10666666666665,72.26666666666667,1.1212841329553227,5.001572318647321,0.43937333333333334,9.07118290700355,8.406556407151918,ABW,2
Australia,0.013573333333333333,48.956969244319126,5.552179443796399,3.8642058098609047,38.32063516644033,5.077464522299914,11.95055871112972,0.08768,3.5956150682166577,117.54913650016776,0.004453333333333334,0.7071371823264949,0.07984,83.68,79.06666666666666,0.932,7.326825889269159,0.8837200000000001,10.401857993705663,10.31366172827173,AUS,0
Austria,0.009253333333333332,52.805178741980775,4.8158583822310375,24.70576050384873,51.86977268807482,4.517288684356329,11.537091620646068,0.10806666666666667,3.6521711160372443,180.5641325800821,0.0038000000000000004,0.6639999999999999,0.05560092421699777,82.94666666666667,77.22666666666666,1.2693333333333332,6.919174125113401,0.6583466666666666,10.292212938749417,10.069429113574326,AUT,0
Azerbaijan,0.017306666666666668,39.47809711276128,4.512201471605409,20.288797345980086,123.61190065081982,4.064914796571409,10.463275104339578,0.05698666666666666,2.264473887235804,263.1486014426562,0.03914666666666666,0.2652745742934734,0.18597333333333338,72.70666666666666,66.78666666666666,0.6613333333333334,6.941526648464942,0.5293200000000001,8.579509057965499,8.682818746707907,AZE,3
Bahamas,0.015493333333333333,41.78537104818559,3.0906908645738436,26.839368185523426,92.4552048375905,2.8647397936852044,9.889979921987951,0.06870666666666667,3.1874614903030465,87.02083525875801,0.011933333333333332,0.38266666666666665,0.05468,77.30666666666666,71.13333333333334,0.8266666666666665,5.537313062586504,0.8241600000000001,9.32050448240121,8.624245263563465,BHS,2
Bahrain,0.01756,13.834390350058152,4.337062606461392,10.175051482174494,71.35941213544513,3.9292242223808094,10.31086661333447,0.03926666666666667,2.8278648797143435,37.36628345385393,0.008,0.4746666666666667,0.07696000000000001,76.64000000000001,75.21333333333334,1.1106666666666667,6.022197851296118,0.8847866666666666,9.225109285531621,8.82135902736886,BHR,0
Bangladesh,0.02221333333333334,35.32173547218384,4.774139737225239,42.262061415338856,144.94070359810544,4.463371341585653,10.891963191680315,0.034666666666666665,1.2536573843860823,350.36876600579075,0.04478666666666666,0.024000000000000004,0.14576000000000003,69.16,67.96,0.2813333333333334,8.16749990589051,0.28732,7.912066858069726,8.768352377953283,BGD,3
Barbados,0.013000000000000001,34.43668089836128,3.1367318597343563,17.8607464834444,76.27736974346766,2.682875183432145,9.615549306343704,0.07126666666666666,2.942129703170038,223.51220608085242,0.01428,0.5760000000000001,0.09237333333333335,76.82666666666667,72.04,0.9533333333333334,5.442644193127854,0.3249733333333334,8.981101566776799,8.39105249432138,BRB,2
Belarus,0.010600000000000002,38.23675695437253,4.707993326831837,38.80804330285447,109.8223648404515,4.397627192934995,10.608836273708748,0.05949333333333333,2.398318631168008,237.6066174639587,0.0060533333333333324,0.23215398349094346,0.15461333333333335,76.24000000000001,64.56,0.7360000000000001,6.981577451654413,0.7351866666666667,8.717923784103261,8.821265864698892,BLR,3
Belgium,0.0116,54.20527105439337,5.029742258858903,16.53665461569549,70.54535619420953,4.766053313575829,11.627412934298635,0.10046666666666666,3.6001145605592573,179.04655989839796,0.00404,0.6613333333333333,0.07654619382369074,82.50666666666667,76.93333333333334,0.9986666666666667,7.030199675206643,0.9750399999999999,10.055276308324771,10.280148278971918,BEL,0
Belize,0.025560000000000003,32.29579408344573,2.6491042607621407,43.037895159591955,118.32162833348424,2.2336458237891823,9.104595684928448,0.0514,2.3436563828009556,155.36111008246488,0.016986666666666667,0.13515795040889986,0.13921333333333333,75.83999999999999,69.70666666666666,0.45466666666666666,5.462875008948998,0.45622666666666667,8.366560195341508,7.6312286671452485,BLZ,2
Benin,0.03896,47.87067119450796,3.4864547893544113,30.693597307884612,173.84936387016995,3.475431222556757,9.737507281805575,0.04486666666666666,1.442081481199287,268.81327890563006,0.06848,0.0,0.30567294433998893,59.42666666666666,56.58666666666667,0.39866666666666667,6.946221488979122,0.40993333333333337,8.174709714822008,7.965405026129725,BEN,1
Bermuda,0.01256,33.71497075309954,2.6755416253313573,25.9943777415575,70.23267090046546,2.953814988981715,9.722066195895021,0.06082747137891605,3.5497718951227664,95.41790126738543,0.0028099344192996497,0.7493333333333335,0.07294068349221841,81.72,76.50666666666666,1.082765212039586,4.809847288723334,1.0,8.642272623075547,8.541778405197837,BMU,2
Bhutan,0.02196,40.93006274820455,2.566177908317942,46.7888616205954,153.49386567837135,2.449105472375445,9.056913357660818,0.04612,1.8770626154313226,259.15130904546265,0.03988,0.10000000000000002,0.14206666666666667,65.72,65.34666666666666,0.38174742627575714,5.8337524901915305,0.3279333333333333,7.572661764541029,7.49247989122159,BTN,1
"Bolivia, Plurinational State of",0.027559999999999998,31.8055685670791,4.063080063869872,48.650710519194625,164.1253247255061,3.7559069524826034,10.172779194177846,0.053906666666666665,1.9130707462524612,315.87515633833914,0.03949333333333333,0.16133333333333336,0.13532000000000002,67.81333333333333,63.54666666666666,0.49200000000000005,6.98924606554383,0.6535733333333335,8.520016130552813,8.5235076307838,BOL,3
Bosnia and Herzegovina,0.008626666666666666,32.26000135291435,4.305429085864671,57.45854640899147,145.60754456571027,3.7222237944594188,10.139167562630705,0.09074666666666666,2.511681753186972,389.69208703313853,0.006800000000000001,0.36133333333333334,0.08704217091725666,78.16000000000001,73.10666666666665,0.6306666666666667,6.5867248774404255,0.39244,8.7988877504799,8.324933247677949,BIH,3
Botswana,0.024893333333333337,20.276378453540534,3.5340351100824487,59.06698644779989,129.29000636436948,3.313260208531232,10.034477298420107,0.05266666666666667,2.4808446225311,166.7871627938858,0.04277333333333333,0.06400000000000002,0.14170666666666668,46.73333333333333,46.86666666666667,0.8266666666666665,6.283695116750178,0.5566533333333333,8.131752185079913,8.140441345913034,BWA,1
Brazil,0.01678666666666667,44.924792365571115,5.557749444863707,15.97097089462058,101.41916549292371,5.36888104982148,12.131922995697263,0.08412,2.774783144505159,251.41248789908647,0.017786666666666666,0.324,0.4773200000000001,76.21333333333334,68.85333333333332,0.7706666666666667,8.2800904813572,0.8357866666666668,9.690813071962372,10.030863835582691,BRA,3
Brunei Darussalam,0.018173333333333333,28.42063804209453,3.8035663994061135,38.14420043107715,96.46963910456726,3.4558189375570927,10.057712439902298,0.025453333333333335,2.8773326110270707,135.32847844520646,0.00784,0.44133333333333336,0.055,79.46666666666667,75.72,0.884,5.584208489780399,0.7450533333333332,8.430815946950872,8.568092867322532,BRN,2
Bulgaria,0.00982666666666667,34.601430213943864,4.662791785272132,28.639807307008088,114.69347400356332,4.269220879953819,10.5788881549137,0.07242666666666665,2.55639740908289,341.15978868206463,0.012679999999999999,0.35866666666666674,0.10045333333333334,76.70666666666666,69.77333333333333,1.1306666666666665,6.877993415068314,0.7147333333333333,9.544925518868222,9.228947782551371,BGR,3
Burkina Faso,0.04354666666666666,43.70960935069995,3.070853943107795,23.418015987976567,161.4176553919178,3.4739907346485817,9.84731804228523,0.06844,1.4930269122835964,269.19723340386753,0.07768,0.0,0.1931413244531358,54.533333333333324,53.13333333333333,0.24266666666666667,7.160886568711835,0.23707999999999999,7.821893264749059,7.846333267629189,BFA,1
Burundi,0.044306666666666654,42.078097032220576,2.430417392616389,13.369991756088975,155.31888485053935,3.147979478667309,9.180302450857747,0.08723999999999998,1.1577565875096671,213.8728716305663,0.06818666666666666,0.0,0.15703999999999999,53.02666666666666,49.973333333333336,0.08933333333333335,6.929519221684866,0.10044,6.300475624900404,7.712469511085536,BDI,1
Cambodia,0.026093333333333333,24.59614998195799,3.626027950965499,44.820143940893075,133.37679018050403,3.61317680872439,9.939201549321531,0.05895999999999999,1.5649206862835123,171.60825659366793,0.04566666666666667,0.0,0.20599600075159105,71.58666666666666,66.09333333333333,0.44,7.14200507945033,0.19516,9.047747841929587,8.246164917808631,KHM,1
Cameroon,0.039413333333333335,49.15578205895425,3.5603189033962983,32.57457839416708,161.09187053712918,3.810442388438464,10.296792629496057,0.04994666666666667,1.7018856727645233,291.3577506994807,0.07228,0.024000000000000004,0.1717777282165678,54.01333333333333,52.10666666666667,0.3,7.287539321170842,0.5006,8.388501098266074,8.644338662485628,CMR,1
Canada,0.011,38.34368082612592,5.5776613146444545,4.474188577052496,51.87623721486485,5.413282278727179,12.133065927690247,0.10452,3.62254861536303,131.504357213034,0.005000000000000001,0.74,0.040146666666666664,82.86666666666666,78.32,0.644,7.520704759938316,0.8057066666666667,10.230194086722342,10.46194981756286,CAN,0
Cayman Islands,0.014992142305089539,41.587015160774406,2.745372071534149,22.756568493564682,81.98592141741462,2.384337116921725,9.485513701854195,0.07205447560496792,3.083430097591601,142.8989228781466,0.011621134808672455,0.5993025426522519,0.09397142184940917,78.79108532625746,73.50354342044547,1.569333333333333,4.715772433541223,1.0,8.68283817362914,8.112381905793036,CYM,2
Central African Republic,0.03606666666666667,38.808358481280735,2.492624166109885,22.20290120537767,157.63133888908268,3.5415853429319823,9.226460629726748,0.04038666666666667,1.214016044115313,496.4052098415265,0.10602666666666666,0.0,0.17808222124645737,48.43999999999999,45.093333333333334,0.12133333333333335,6.619323779070475,0.3849733333333333,6.961119301312786,7.672362311386734,CAF,1
Chad,0.04834666666666667,40.43297781830298,2.756898727757268,61.404634556922375,157.9049655899291,3.943408102686362,9.880014562313255,0.04216,1.3840264461808,318.54175434302596,0.09704,0.0,0.1923543348186328,49.733333333333334,48.080000000000005,0.14533333333333334,7.035190843348222,0.21896000000000002,7.723252646429229,7.931195575867983,TCD,1
Chile,0.014693333333333333,25.577534938040877,4.795203327468717,21.811816747081103,118.60628715011245,4.474726378314172,11.212324033436904,0.06962666666666667,2.8288149089352226,311.0979006346243,0.0078000000000000005,0.4026666666666667,0.08309333333333332,81.6,75.72,0.9226666666666666,7.223937030450579,0.88024,9.329656315033175,9.213311256755544,CHL,0
China,0.012093333333333334,48.097017283082295,6.769501091292841,39.5392003676801,136.63100526539446,6.280070113947841,12.58669865907567,0.048666666666666664,2.144969945988332,362.4258723385659,0.017226666666666668,0.22533333333333336,0.05930666666666666,75.76,73.17333333333333,0.4826666666666667,9.120828540044236,0.4599466666666666,10.589359441159809,10.610288600793098,CHN,3
Colombia,0.020453333333333334,49.639738074985935,4.9217989259135475,29.94148039272003,116.84274196866596,4.509455973679839,11.318168156759999,0.06365333333333334,2.4693270790534623,281.7811339706547,0.01704,0.26533333333333337,0.1376,76.68,69.24,0.7240000000000001,7.651505473384881,0.7433466666666667,9.341736005086874,9.327230193106265,COL,3
Comoros,0.037866666666666667,42.14078337762747,2.2494804972331996,23.521843963821645,163.57629478990393,1.9029410041744201,8.66251909837502,0.04110666666666666,1.464376390061595,116.75322841662164,0.06605333333333333,0.03466666666666667,0.10762666666666668,61.053333333333335,58.24,0.15583688360994583,5.80759158116253,0.2793333333333334,7.5387184570704875,7.235688062506369,COM,1
Congo,0.03876,40.86052572209864,3.236113427290733,31.580707314394765,159.4899166748836,3.145063782959444,9.92695315311592,0.024919999999999998,1.7354015043707631,261.4264471614599,0.05152,0.03466666666666667,0.19295960959896685,57.13333333333334,54.413333333333334,0.5293333333333333,6.5834048609042695,0.62144,7.722230903093171,8.00623457206153,COG,1
"Congo, Democratic Republic of the",0.04493333333333334,33.724973838327536,3.3105791104387987,57.59432694810007,168.50406372803144,4.284415640273512,10.220362571319328,0.06196,1.0478410929019282,316.41992811453457,0.09846666666666666,0.0,0.42336804525016203,49.986666666666665,46.84,0.14666666666666667,7.764231984103374,0.38755999999999996,6.801900397575815,8.069793830420945,COD,1
Costa Rica,0.016653333333333336,54.3332691489761,3.9859506876666524,67.13603955303888,135.27101574489672,3.68781710353724,10.446511904760566,0.08925333333333334,2.7457697973798205,316.24853325743936,0.009119999999999998,0.3146666666666667,0.19410666666666668,81.26666666666665,76.65333333333334,0.5026666666666667,6.652575772168917,0.6877333333333333,9.30587169075168,8.7387908074054,CRI,3
Croatia,0.009640000000000001,23.894264085081605,4.41219235133914,19.01526027219958,115.06565416449443,3.9487266419821507,10.710503149658287,0.07173333333333334,2.924815690153616,224.88805203402032,0.0052,0.4346666666666667,0.10474666666666668,79.4,72.72,0.9773333333333334,6.642971050266827,0.5701066666666667,9.9122090683333,8.956256903779995,HRV,0
Cuba,0.010693333333333332,42.08357061013016,4.451277330794669,41.00074635644316,71.50748085950538,4.042987990214702,10.724465306398459,0.09177333333333335,2.6409142430265558,250.9658870611224,0.005333333333333334,0.13866666666666666,0.12865760102872764,80.32,76.32,0.045333333333333344,7.052158276211222,0.7635333333333333,9.361331464873096,9.279012301179636,CUB,3
Curaçao,0.014157115651816852,35.68280254475946,2.965239175089437,23.389791726287577,81.30478512248435,3.5199003941167146,9.584801784133182,0.06870917003528074,3.45911952725254,130.89225062573166,0.0028818432642054703,0.5475477686365756,0.14357072345375185,80.21407127827655,73.40905039725666,1.008782615177872,5.155076526600291,0.9021066666666666,8.558274331264164,8.372033015012294,CUW,2
Cyprus,0.01208,25.75283150277421,3.8884857636441956,22.74918009610681,71.30539465148877,3.3842401066470065,10.297911626632393,0.06837333333333334,3.227301456012776,173.33632783090755,0.0036,0.43733333333333335,0.0711674454833207,81.16,76.92,0.8266666666666668,6.028161313880399,0.6789866666666667,9.42204300457787,9.108572341993183,CYP,0
Czechia,0.010360000000000003,46.908682330572084,5.052021861527423,24.831557760925687,117.03348910835606,4.643642870438174,11.208547941679866,0.07161333333333333,3.047077256652343,421.12767452501686,0.0038666666666666667,0.5359999999999999,0.059133333333333336,80.02666666666667,73.82666666666667,1.1733333333333333,7.015291511190169,0.7342533333333333,9.828580968872764,9.53779569571437,CZE,3
Côte d'Ivoire,0.036706666666666665,41.4415798675329,3.7148045917897936,42.37148950553613,159.63025653456168,3.971250363074248,10.29168282187578,0.06346666666666667,1.8293460558387846,255.74769534786427,0.08284,0.0,0.37931211543149806,49.37333333333333,47.733333333333334,0.5093333333333334,7.260925276401375,0.48792,8.142647231231955,8.595256389017466,CIV,1
Denmark,0.011440000000000002,30.193439073628777,4.69054617816398,6.632909584134365,53.63324152014691,4.27538613599243,11.453238612657076,0.10408,3.7302888885649375,137.1252332255913,0.0036933333333333336,0.848,0.06826148607356974,80.8,76.48,1.1333333333333333,6.739396744597783,0.8636666666666667,9.75554279261054,9.917306911387781,DNK,0
Djibouti,0.028693333333333335,38.099046392760584,2.7267493317427594,36.17971707451284,166.0682369591079,2.467070064459856,8.971341456907961,0.07754666666666665,1.920750938034268,103.99602041848101,0.06650666666666667,0.03466666666666667,0.11690635526600318,60.733333333333334,57.8,0.12533333333333335,5.906392270350562,0.7689333333333335,7.057351463092463,7.24766028018493,DJI,1
Dominica,0.015775976357929895,37.162170882174955,2.166581235788356,14.27684328520174,107.75677814121947,1.7530508326860361,8.628673337113135,0.05313333333333333,2.4987098063124074,129.32154076533047,0.01176,0.4093333333333334,0.09574666666666666,79.52581920327552,73.99376797320579,1.1146666666666667,4.850386840429118,0.6738266666666668,7.887577332966542,7.046058003412061,DMA,2
Dominican Republic,0.02274666666666667,37.08647468183314,4.489613387459087,37.66085236213126,132.1378339286833,3.9469553840772846,10.607594148658569,0.05447999999999999,2.3509079049851476,310.2895620306161,0.027346666666666665,0.22933333333333336,0.19670666666666667,75.41333333333334,69.25333333333333,0.644,6.985973208141969,0.7066266666666667,9.590967964150536,8.70697415297709,DOM,3
Ecuador,0.022573333333333334,36.40112432306102,4.510044297481556,57.86872797485078,141.00703535074425,4.074379783615915,10.730361810552987,0.06502666666666666,2.3881195138885385,406.3322266146248,0.02253333333333334,0.18133333333333335,0.10365402081439117,78.13333333333334,72.32,0.7200000000000001,7.158058763889209,0.6221200000000001,8.812465157495593,8.868411756525271,ECU,3
Egypt,0.024040000000000002,44.20969832787475,5.197851759929622,15.069615361345358,137.13462534885122,4.781353196167204,11.176398488791579,0.050853333333333334,1.9854373754328587,445.77830981925035,0.023013333333333337,0.22000000000000003,0.12279999999999998,72.37333333333332,67.71999999999998,0.5786666666666667,7.875016878160792,0.4300933333333333,9.952094712119061,9.374852006935154,EGY,3
El Salvador,0.020919999999999998,34.687524085633555,3.8590720921449475,22.691199333864176,117.1573596435247,3.656566030419645,10.291386855504875,0.06865333333333333,2.338462005382527,314.21374596027334,0.017786666666666666,0.10666666666666669,0.12291240973392445,75.94666666666667,66.58666666666667,0.8946666666666666,6.789020313761662,0.6301733333333334,8.83549124471598,8.464228727425395,SLV,3
Equatorial Guinea,0.03730666666666667,42.354924515450925,3.4903741357695477,48.77292182426332,161.64628809591218,3.2610374697223747,9.930587980149614,0.034039999999999994,2.6465857094009033,462.3670363796944,0.08106666666666666,0.03466666666666667,0.15643273365469088,51.72000000000001,49.11999999999999,0.35866666666666663,5.812684134064122,0.39072,8.227014402051822,8.167758908640005,GNQ,1
Eritrea,0.03898666666666666,43.205698641097676,2.8701534969490456,49.83636553973239,170.59845623238837,2.942258784552018,9.195346559074245,0.031013333333333334,0.9630336064851029,227.85635995594802,0.04341333333333333,0.004300819693880058,0.2627861631491101,62.36,57.559999999999995,0.03017144581424623,6.722724803011621,0.1981066666666667,7.850835013100598,7.843549409855437,ERI,1
Estonia,0.011173333333333332,47.330303931910095,4.06434589521764,21.369055699078558,94.40467723725864,3.7249805290607654,10.232248160197996,0.05632,2.8476103144149305,114.65303825407757,0.00472,0.656,0.06690666666666667,79.38666666666667,68.73333333333333,1.2013333333333334,6.128192504270857,0.6840399999999999,9.124002420056694,8.830735506755758,EST,0
Eswatini,0.031173333333333327,35.674433125136325,3.021695938286311,57.97868541827639,132.06360910878882,2.735855449969539,9.47293905140462,0.07434666666666669,2.2681771345165394,114.64157744411348,0.07058666666666666,0.07866666666666668,0.11439999999999999,47.22666666666667,47.58666666666667,0.4093333333333333,6.061871123362108,0.21776,7.704329012144121,7.795331523841224,SWZ,1
Ethiopia,0.03686666666666667,32.8936505059358,3.776334820019044,22.03608761545077,149.54687191720663,4.416651183850956,10.313997371883941,0.04361333333333333,1.0313023493914915,222.97160122512983,0.06028000000000001,0.0,0.11658736658800015,60.480000000000004,58.02666666666666,0.05866666666666667,7.911726547507382,0.16573333333333334,8.955424970652723,8.055344371694163,ETH,1
Faroe Islands,0.012568545801660079,51.15780852901176,2.810002595181925,20.379576799734895,84.30495865301415,1.9349611306740415,9.2483507491713,0.05960458164582113,3.178470978208827,171.87988445723877,0.005492163369943917,0.7493333333333332,0.09178327702983306,83.21333333333334,78.09333333333332,1.0333333333333334,4.69211655878698,0.4019866666666667,8.063067650689558,7.231662246989474,FRO,2
Fiji,0.022426666666666668,39.521110843448334,3.20141344997876,46.99075575577855,131.9870601573088,3.0410352396115568,9.493134423316178,0.038066666666666665,2.1439086923057387,149.17880455313167,0.020013333333333334,0.16533333333333336,0.07640000000000001,71.92,66.16000000000001,0.5746666666666668,5.926210221552794,0.5089466666666668,8.862049409923683,8.044213491943319,FJI,2
Finland,0.011,44.26158818897719,4.758858854172458,15.552035781185308,79.25959228093062,4.546363577846893,11.342484551782764,0.08559999999999998,3.5513670882175767,217.48647343268667,0.0027733333333333334,0.7906666666666669,0.05518949160149687,82.94666666666667,76.36,1.3013333333333332,6.725081983377404,0.8324400000000001,9.599595489286122,9.657082778404318,FIN,0
France,0.013000000000000001,31.225139426609925,5.590897867313698,10.86917057461621,31.565606558287655,5.415944746766333,12.372752574637458,0.11236,3.6187832465065783,146.2548157063158,0.004,0.6240000000000001,0.04360984444234347,84.82666666666665,77.73333333333333,0.8466666666666666,7.806815474442254,0.7775333333333333,10.756117907106898,10.631160135517018,FRA,0
French Polynesia,0.017693333333333335,36.094520328959945,3.0036922845836767,21.85217413537491,77.60639666566952,2.8443103046246114,9.443669563145308,0.059024983946746816,2.978529456294418,170.1717220193288,0.009226970859243282,0.3386666666666667,0.09245347633154792,77.39999999999999,72.6,0.6373333333333332,5.417286824472458,0.56408,8.678901506417667,8.281673409124263,PYF,2
Gabon,0.0328,43.46830320633956,3.109424119880868,53.90996232219511,170.66350431632273,3.2667280739354028,10.060488915893853,0.033560000000000006,2.417078901587397,458.21622170539365,0.04658666666666667,0.07200000000000001,0.17351264513120426,62.333333333333336,60.21333333333334,0.9053333333333333,6.167001325345798,0.8451466666666666,8.125273365572772,8.403784023925255,GAB,1
Gambia,0.043680000000000004,43.850874405845694,2.5219293976203665,30.888609364580404,159.3919749326671,2.3758666532263004,8.893236847557748,0.04498666666666666,1.3533607292951497,355.53505103866644,0.054479999999999994,0.07200000000000001,0.28696,58.73333333333333,56.213333333333345,0.5533333333333333,6.192780918440456,0.5435466666666667,7.869015647156713,6.951259882841219,GMB,1
Georgia,0.013346666666666668,28.707148671766962,3.9175421304288554,10.597600474821357,120.02982640416425,3.565310890761984,9.96064561389782,0.09030666666666667,2.2668586669191018,358.12898734726826,0.01856,0.17200000000000001,0.17833333333333332,77.02666666666667,69.68,0.6106666666666667,6.644480365873763,0.5270533333333334,8.688331998336784,8.459797399556482,GEO,3
Germany,0.0082,45.89958416262461,5.811897895273712,23.61681697522632,90.30908220305705,5.514300192175264,12.487873749623079,0.11029333333333333,3.6149059587750076,205.83719801231945,0.0037600000000000003,0.7279999999999999,0.06823962346800849,82.32,77.05333333333333,1.0626666666666666,7.913536324446108,0.7390399999999999,10.648055507886363,10.948271685282679,DEU,0
Ghana,0.03290666666666667,34.307855086080004,3.8978902262123603,15.397742101915245,126.2162298516775,3.9629001271187865,10.32153985153602,0.05512000000000001,1.6978754330812613,245.286316124602,0.05658666666666667,0.045333333333333344,0.2338803685133196,60.70666666666667,58.74666666666666,0.47200000000000003,7.358279890614156,0.49088000000000004,8.88870234450796,8.798523746532226,GHA,1
Greece,0.010013333333333334,46.55113400389983,4.893909858661357,25.963926697701766,109.93965483612801,4.456951552623233,11.415756513057735,0.09433333333333332,3.3423221873700415,242.22025295092934,0.0045066666666666675,0.364,0.062020555006425115,82.53333333333333,77.45333333333333,1.0413333333333332,7.045870075346177,0.7540133333333334,10.136761125895676,9.486381758263969,GRC,0
Greenland,0.015213333333333332,44.27847854997462,2.7807824519022484,24.70062523794569,83.60526017919861,1.83217150979876,9.240704076480784,0.06173348931777085,3.3666445912967133,116.4884972625591,0.0033918172366858043,0.5773333333333334,0.09115717298690387,72.36018972375787,67.59398423328358,0.8853333333333334,4.753518142623817,0.8372533333333333,8.795745348141121,8.10567025452981,GRL,2
Grenada,0.019000000000000003,43.77493892145616,2.3780792045879218,18.410312250012264,110.47152294922702,1.8687340993141355,8.85931951062766,0.06250666666666665,2.6368453739465196,140.8762750179815,0.012133333333333333,0.22533333333333333,0.10352000000000001,74.32,69.46666666666667,0.7626666666666666,5.016510815385769,0.35792,8.02193540588325,7.023272279836675,GRD,2
Guam,0.018626666666666666,37.478519069893764,2.8787362063720896,13.558339584110113,84.0458545205043,2.0925663672897077,9.503187428385926,0.06254363247308481,3.344280683041617,126.36552508027793,0.0036316656126706417,0.47333333333333333,0.09037634490973943,80.09333333333333,74.8,0.9434383137630843,5.201813325448309,0.9386,8.488647542438867,8.312999886270907,GUM,2
Guatemala,0.03336000000000001,38.865455731728964,4.164266412919095,35.27839533960626,128.00832405371023,3.994882707196439,10.538416738712062,0.06782666666666667,2.2378531755646662,324.97512013006803,0.030879999999999998,0.09866666666666668,0.13809333333333335,73.89333333333335,66.89333333333335,0.896,7.130922068891661,0.48296,9.008900235433234,8.836739690378742,GTM,3
Guinea,0.039066666666666666,48.10345551348509,3.0453803631445377,39.30427171776304,170.9562251287322,3.3052619410674726,9.613255726494522,0.05912,1.3730860733115442,395.12172380592824,0.07829333333333334,0.0,0.21837547498599078,54.65333333333333,53.53333333333333,0.23185854731286307,7.010937641385086,0.33891999999999994,6.6766672934790705,7.5565235735666,GIN,1
Guinea-Bissau,0.03936,47.56047774128254,2.3835076292467314,16.64586727356051,170.098576775518,2.390094573891534,8.841883329052488,0.06097333333333333,1.4500798000227724,204.75761738427673,0.09021333333333331,0.0,0.18462659562927083,54.38666666666666,51.82666666666667,0.2819523421534024,6.177708655585617,0.4312933333333334,6.95760388828906,7.406577648057085,GNB,1
Guyana,0.02176,37.650668708765814,3.1048433050868596,33.11034836121242,138.04953150428904,2.875213623020291,9.20407116804099,0.05842666666666667,2.07503370092911,281.3500004424905,0.03390666666666667,0.1795586376600363,0.1464933333333333,68.16000000000001,62.266666666666666,0.5319999999999999,5.888919285527091,0.2829333333333333,7.709892859223827,7.743238097836493,GUY,1
Haiti,0.02766666666666667,39.7805157088304,3.4304218453682056,40.34701188000839,170.13700815185084,3.425041806397777,9.744207134254028,0.06128,1.545363484137621,195.39061500840555,0.06365333333333333,0.08666666666666667,0.23632000000000003,62.559999999999995,59.05333333333332,0.2773333333333333,6.981448882684847,0.48135999999999995,8.1975435639374,8.504245034209928,HTI,1
Honduras,0.027773333333333334,42.213284879952454,3.9938328989240524,31.428299617675254,130.54005914645808,3.6725658000278183,10.10567421755413,0.08217333333333335,2.1545828293970652,295.81117303286413,0.02352,0.11066666666666668,0.18989333333333336,74.70666666666666,69.83999999999999,0.6600000000000001,6.861260402649578,0.5016533333333334,8.726244780680362,8.554642639104516,HND,3
Hong Kong,0.010720000000000002,24.23043132958058,4.5820239216528815,8.00920250487567,25.888710702903197,4.1443395348032075,11.321568847365022,0.07562212913253166,3.483987156776887,82.73437086834943,0.0034244688233354454,0.632,0.05678666666666667,85.68,79.53333333333333,1.6680000000000001,6.841125861734323,1.0,10.28856730746697,10.193767545432285,HKG,0
Hungary,0.009533333333333333,53.87048073904199,4.802780681911352,19.638905894396935,117.32478333076598,4.410138280685858,11.065214817557536,0.07910666666666667,2.9620120156960477,303.47076045665636,0.006626666666666666,0.5239999999999999,0.09453333333333333,77.77333333333333,69.86666666666666,1.0586666666666666,7.001685099664242,0.6770666666666666,9.747597626794576,9.446906198534464,HUN,3
Iceland,0.014653333333333332,27.5254536113235,3.198501302979919,6.277926403861246,25.835926362979908,3.668570753350539,10.142635358185107,0.09504,3.632758935672901,138.9844196049256,0.0022,0.8786666666666666,0.14098666666666668,83.52000000000001,80.17333333333333,1.0546666666666666,5.48984972812775,0.93328,8.817730786725622,8.878478896804028,ISL,0
India,0.022306666666666666,38.09788041356606,5.98701253577302,35.01476971526179,148.83593766549407,5.703827628091333,12.068938117803793,0.04025333333333334,1.6081438125968464,261.4446652028545,0.05105333333333333,0.045333333333333344,0.112,66.49333333333333,63.333333333333336,0.3373333333333333,9.066837766076894,0.30114666666666673,10.014529407019664,9.967569657569898,IND,3
Indonesia,0.020440000000000003,36.194238553705546,5.483736647074825,47.46214215083015,133.30991592933813,5.196400643244481,11.667199331357006,0.027893333333333332,1.7442802382806555,348.1614853603156,0.030346666666666668,0.06400000000000002,0.14181333333333335,71.52000000000001,67.52,0.572,8.366746043921873,0.4799333333333333,9.819142242343764,9.82308386706025,IDN,3
"Iran, Islamic Republic of",0.018653333333333334,43.75172127747617,5.636049410850294,20.42255867174126,137.78805323576827,5.227870898349539,11.467528206359708,0.06037333333333333,2.4243108917484353,351.02929791534086,0.019093333333333337,0.128,0.12591186160213877,74.11999999999999,70.70666666666668,0.45866666666666667,7.859602893888646,0.6913066666666668,9.272125078753396,9.771974532754175,IRN,3
Iraq,0.03322666666666667,29.533226835605983,5.027432676406617,36.94117307184818,146.03942906956235,4.495003479266852,10.971691600602737,0.03558666666666666,1.9256749821820123,323.0376572092143,0.031520000000000006,0.024000000000000004,0.16001939118755854,72.48,66.02666666666667,0.4912866825695782,7.464657006550505,0.6891599999999999,8.698183946839144,8.817919868194371,IRQ,3
Ireland,0.015933333333333334,25.85337601161172,4.635076877410674,14.632639037022592,60.72305159671348,4.152132789245076,11.316330093762472,0.08310666666666666,3.5967568393609235,99.0765228790428,0.004000000000000001,0.5853333333333333,0.05235043439691931,82.08,77.6,1.06,6.639807088780557,0.6118533333333335,9.88754550150548,9.821394636457615,IRL,0
Isle of Man,0.014258386728245384,44.870289453079415,3.0492241973448118,34.0529767159184,79.79929264984858,2.3072595973274774,9.272815628251262,0.04634615257335745,2.9012587547189708,108.95844691553906,0.0086543823904798,0.38396382719868405,0.10803214741109085,77.4327328842331,70.24530689083063,0.9280732871519157,4.914923904490083,0.5195066666666667,8.521975902653706,7.824891418984508,IMN,2
Israel,0.021493333333333333,34.05465781532972,4.784813375150168,20.00153644871704,76.39627155128477,4.329881248242925,11.265516102737896,0.07589333333333334,3.2645407217547624,227.7164721772675,0.004053333333333334,0.4973333333333333,0.06724,82.93333333333332,80.72000000000001,1.1786666666666668,6.862097835692614,0.9167333333333333,9.652455625930896,9.634341478822636,ISR,0
Italy,0.009533333333333333,33.87053070230224,5.630822624366126,11.470727082487901,86.46700278956466,5.237039461476164,12.282933551171485,0.08890666666666666,3.4580778460206525,298.0310229424664,0.0036666666666666666,0.436,0.05433333333333334,84.53333333333333,78.93333333333334,1.3880000000000001,7.767810215491193,0.68044,10.609552677665572,10.478917516174358,ITA,0
Jamaica,0.016159999999999997,44.072772557354824,3.863322818366132,12.862578405749527,130.33892658430614,3.53142831006741,10.090751239158234,0.05048,2.358127578455897,372.6711386520272,0.01684,0.21466666666666667,0.18176,75.05333333333333,69.58666666666666,0.9093333333333333,6.426120423722883,0.5329200000000001,9.293655862267865,8.410192318761196,JAM,3
Japan,0.008679999999999998,50.5703684620292,5.978908409695847,23.702800562399673,86.97059286593498,5.6927012069271425,12.6946298725864,0.08914666666666667,3.53699799074929,317.14242803150944,0.002546666666666667,0.7280000000000001,0.017,85.78666666666666,79.2,0.8720000000000001,8.105993361452779,0.8807466666666667,10.104770807434024,10.59603188420046,JPN,0
Jordan,0.029386666666666665,31.456732988534196,4.444810523626421,19.912553604330036,115.64617370563444,3.8682333498513297,10.276574311186254,0.08986666666666666,2.456754239176718,167.06984692573886,0.01904,0.21733333333333335,0.08862666666666667,74.6,71.53333333333333,0.8226666666666667,6.758109854955255,0.8184666666666666,9.439061488208361,8.989876710093187,JOR,3
Kazakhstan,0.02077333333333333,37.98968745088894,5.199747467982083,21.4086144564579,121.06238767231936,4.7402610586200336,10.978344533182328,0.039893333333333336,2.3860575201304948,256.22561725067476,0.023839999999999997,0.18266666666666667,0.2721229157626222,72.85333333333332,62.413333333333334,0.928,7.197964944820734,0.5421600000000001,9.03487914175844,9.11212757925799,KAZ,3
Kenya,0.037586666666666664,47.57276090709653,3.9005295919715346,40.77602281412415,168.75708265007157,4.190045705366143,10.411306307668006,0.04453333333333333,1.4787840039301166,368.11291683093003,0.056466666666666665,0.12000000000000002,0.15228,58.733333333333334,55.97333333333334,0.3813333333333333,7.58391203166357,0.22677333333333335,9.090522664761732,8.26500597050935,KEN,1
Kiribati,0.0242,33.962696937848946,1.797551221393559,28.809797608181302,127.19394718081475,1.2956555441698638,8.096745282117832,0.10948,2.1530519620653004,163.92878103602473,0.04901333333333333,0.06400000000000002,0.12226381661162967,69.90666666666668,64.33333333333333,0.05733333333333334,4.9736252889712365,0.43677333333333335,7.116685093863203,6.9374049206025825,KIR,2
"Korea, Democratic People's Republic of",0.01492,35.25861890383997,4.713767215274696,30.267293313499742,133.3009299659647,4.272935469734817,10.725413957043473,0.05057373726904168,1.9935262042055213,272.1188411400975,0.026453333333333336,0.09495101253604726,0.1444748100252449,72.01333333333334,65.01333333333334,0.14362613382907544,7.382860849307725,0.6001333333333333,8.819980228178062,8.950528655392995,PRK,3
"Korea, Republic of",0.009506666666666667,32.39570222613941,5.734595331834558,14.596734172835761,85.5702061051269,5.359579651058143,11.985031154825041,0.0648,3.072919106121095,267.21714091100176,0.0041866666666666675,0.7613333333333333,0.060586666666666664,82.93333333333334,76.28,0.9333333333333333,7.688943235941911,0.8152666666666667,10.069122666163258,10.261496284283007,KOR,0
Kosovo,0.019146666666666666,24.469976850318226,3.4984386898773807,50.86423712528164,119.42084195018029,3.3635497399156624,9.681133320115123,0.054730786479824725,1.9976747949229292,160.1516130153127,0.026788753995449183,0.04233730431829625,0.1364718464011173,71.58666666666667,67.25333333333333,0.16214198682900346,6.242587921462809,0.5083394717792676,8.462671220949114,8.140206057570749,XKX,1
Kuwait,0.02118666666666667,10.956065892934594,4.8767828740523536,34.28,125.37023186240135,4.445543178903063,11.015044275277242,0.02692,3.0160565667940875,98.09698548683896,0.009733333333333333,0.43066666666666664,0.06449333333333333,74.92,72.98666666666666,0.9480000000000002,6.422210849282112,0.9822666666666667,8.726949097708703,9.811858789744514,KWT,0
Kyrgyzstan,0.0242,37.69243459730153,3.758965829926166,15.969355727187382,113.52075213374523,3.4384534640519027,9.578634196759527,0.06317333333333333,1.6598058267487736,203.55118542523707,0.030440000000000002,0.14133333333333334,0.26026666666666665,72.92,64.88,0.6240000000000001,6.725186481134928,0.35311999999999993,8.43391104748305,8.342392489445821,KGZ,1
Lao People's Democratic Republic,0.02844,34.71673299217919,3.32570219226349,38.67133403676873,147.807830021539,3.7110532216797623,9.665667402519343,0.036893333333333334,1.4348914483891126,343.2402142328226,0.06445333333333333,0.045333333333333344,0.24671003093922622,67.04,64.42666666666666,0.35600000000000004,6.785909224836314,0.30378666666666665,8.361708119668235,7.6210294968160825,LAO,1
Latvia,0.009733333333333335,37.010791714136964,3.940746454932876,16.92215461098142,103.79685595951787,3.7327864706195246,10.332990815176554,0.06445333333333333,2.792993297799835,289.1694633615013,0.00972,0.564,0.08938666666666666,77.77333333333333,67.33333333333334,0.9386666666666666,6.335637849286858,0.6779066666666668,8.84172510573959,8.86423352495574,LVA,3
Lebanon,0.013826666666666664,31.834051375276694,4.316472752473883,24.941428378355244,119.4157002790843,3.811725675231794,10.4599765747587,0.07954666666666667,2.7383310076984384,176.3220894853885,0.010626666666666666,0.28800000000000003,0.1004,80.21333333333332,76.12000000000002,0.46666666666666673,6.614011844324937,0.8689199999999999,9.767768035446435,9.569579408283039,LBN,0
Lesotho,0.028533333333333334,22.162027171348367,2.18235027118512,47.03053109662271,150.66743675356548,2.499389123059594,9.207000300242866,0.09102666666666667,1.8643532931299203,388.8427778843757,0.07978666666666667,0.0,0.12816,46.25333333333333,45.89333333333333,0.34,6.29452244553836,0.2355733333333333,7.449793123757644,8.410100377669712,LSO,1
Liberia,0.03864,42.23149333376902,2.8926586151860922,32.59831205747185,168.41138247104317,3.139298214289881,8.947083193231723,0.11463999999999999,1.4164301669762733,179.62994396411705,0.07258666666666666,0.0,0.1543866666666667,58.22666666666666,56.42666666666667,0.252,6.5593552667774535,0.46964,7.813621962143545,7.807183736676189,LBR,1
Libya,0.02229333333333333,27.890586309029423,4.735695342483353,30.5988891676245,124.39659578741968,4.245966170456333,10.720707431740152,0.033106666666666666,2.4587518259526737,182.60783113972147,0.016986666666666664,0.054666666666666676,0.06171999999999999,76.09333333333333,72.39999999999999,1.0373333333333334,6.764534361228177,0.7729733333333333,8.299514779206545,9.102286492412738,LBY,3
Liechtenstein,0.010440000000000001,50.57515192137018,2.609941843138544,21.37814189376015,81.53068266087136,2.021385407923614,9.4827492961579,0.054605178606610606,3.18322033026834,163.39236905381802,0.005756857554787731,0.7280000000000001,0.09112814752315755,84.0,79.10666666666665,0.8666666666666667,4.5493945230646435,0.14605333333333329,8.07859662148368,7.178291557208374,LIE,2
Lithuania,0.010373333333333335,45.01321864942384,4.0384481669337395,25.484837977831692,94.87903793503689,3.953120596553999,10.509775139532481,0.06546666666666666,2.799195040534953,176.33818559826747,0.0068133333333333344,0.49866666666666665,0.07488574184628541,78.32,66.72,1.3733333333333333,6.504871229519529,0.6672666666666668,9.022620312614517,8.938492508295225,LTU,0
Luxembourg,0.011573333333333331,22.928467357577976,3.84724020715373,24.935951187109666,70.4710620415394,3.6141030887168313,10.649250321508116,0.07404000000000001,3.8377360673217678,94.28486073310154,0.0024000000000000002,0.7720000000000001,0.0784816962079267,82.79999999999998,77.45333333333333,1.3453333333333333,5.688261598191207,0.8757333333333334,9.591726900999586,9.506520248580927,LUX,0
Macao,0.0088,26.128136599639838,3.16852727799372,30.61583242327351,67.08379006583881,3.461633526025492,10.280662591316958,0.07117202324094335,3.4405265624696155,138.6036343820363,0.004069394867603426,0.47333333333333333,0.06208,81.55999999999999,76.94666666666667,1.736,5.70123751926094,1.0,10.19763057069367,8.950180811594363,MAC,0
Madagascar,0.03661333333333334,40.60632943254508,3.365375593568525,18.00843724127257,161.92831714575172,3.7976022898977413,9.858571646215324,0.04594666666666666,1.2263343747352389,231.28979890095258,0.04938666666666666,0.0,0.4148266666666667,63.69333333333332,60.85333333333333,0.2066666666666667,7.294047827479435,0.30526666666666663,8.455860297100228,7.9722969173640985,MDG,1
Malawi,0.04162666666666667,31.5172245551132,2.9932546346468762,39.89498924421546,150.91835458059688,3.6179317983433066,9.579311419148135,0.07942666666666667,1.3285490152797292,241.7108110433093,0.06292,0.0,0.31521333333333335,51.45333333333334,51.34666666666667,0.13333333333333333,7.145658174460271,0.15312,7.657896667966015,7.931370147180863,MWI,1
Malaysia,0.018546666666666663,35.07147948113857,5.307093345387595,23.9328527434231,121.83937100056713,4.819804927729419,11.285820937088488,0.036693333333333335,2.4178829659514873,180.57667041729735,0.007093333333333334,0.5466666666666667,0.056960000000000004,76.46666666666667,71.92000000000002,0.9546666666666666,7.432389553723557,0.6881066666666666,10.160703408936168,9.812475505032523,MYS,0
Maldives,0.021840000000000002,14.485382657780853,2.9355944172899,11.118263276630953,77.41264166810447,2.8618802578261864,9.190771629959963,0.07,2.5392622852088613,148.76482243846485,0.01556,0.20666666666666667,0.1216,76.54666666666667,74.30666666666666,1.1013333333333333,5.494218138486462,0.37002666666666667,9.062348066345297,8.187387063174878,MDV,2
Mali,0.047880000000000006,48.85615070984897,2.825515216450287,23.18453861154811,159.69928544857848,3.831371310652704,9.856298502117648,0.06541333333333334,1.5643885202367227,277.29488606515434,0.09018666666666665,0.0,0.1922660337805998,52.440000000000005,52.92,0.364,7.112739517267814,0.3412133333333333,8.30427849948852,8.22742800742869,MLI,1
Malta,0.009746666666666666,34.08577466292083,3.372993932999946,34.01050510718347,79.47285426108535,2.9315173486374877,9.856474460343852,0.08536,3.17329457633401,155.50349379071102,0.0058,0.5079999999999999,0.05313333333333334,82.26666666666667,77.78666666666666,0.94,5.611444069047922,0.9415600000000001,9.053507528312467,8.51796599015322,MLT,2
Marshall Islands,0.032301357082487284,56.22543173591451,1.9790563213237882,16.999999999999996,115.07112069611851,1.4789060431594219,8.174896230916262,0.1745866666666667,2.7210861238583366,128.0,0.032253333333333335,0.045333333333333344,0.17463014443784383,75.86176055079046,70.26188798043067,0.0,4.718339846466502,0.7064533333333334,6.600505315035063,5.528762881871361,MHL,2
Mauritania,0.03597333333333333,40.69526511466279,3.274475957022314,30.02234389476435,164.3003493503227,3.3931067545356743,9.461542327499867,0.053133333333333324,1.5898204580671458,158.19941222074115,0.07206666666666667,0.012000000000000002,0.2013066666666667,62.266666666666666,59.266666666666666,0.5453333333333333,6.528266320854414,0.5494133333333334,8.12364895487006,8.208218380285986,MRT,1
Mauritius,0.01329333333333333,26.860399124166907,3.5563818788469037,19.288065566575714,84.67868368813218,3.3418389521561007,9.911702423456397,0.0472,2.4997263306046715,165.3223990275479,0.013706666666666667,0.2386666666666667,0.14738666666666667,76.41333333333334,69.2,0.7786666666666667,6.100718555942242,0.41087999999999997,9.153476134902785,8.552272588282808,MUS,2
Mexico,0.020666666666666667,50.96046159921365,5.629307191428368,24.95332408910163,133.38877116314302,5.241307111921804,11.987188135257664,0.05962666666666667,2.724123554345579,441.46596960097605,0.015546666666666665,0.24933333333333335,0.07133333333333333,78.58666666666666,73.8,0.6026666666666667,8.058415739471723,0.7707600000000002,10.09789193476535,9.958561581274076,MEX,3
"Micronesia, Federated States of",0.02512,58.62817628042718,2.1220176161172635,16.0,135.5842989275292,1.6209840663503898,8.435383055084742,0.12172000000000001,2.4958361857526543,128.1918394092735,0.03474666666666667,0.15333333333333335,0.14958666666666665,69.03999999999999,67.54666666666665,0.23023717627081677,5.020520412139291,0.22300000000000003,7.456548243758568,6.896911243761749,FSM,2
"Moldova, Republic of",0.012000000000000002,36.56732426785894,3.805121172186168,18.89848378303561,123.36221674090213,3.5837947631849256,9.637030876425477,0.10630666666666665,2.104061444643537,223.22588415501383,0.017053333333333334,0.23333333333333336,0.18566666666666665,72.16000000000001,64.37333333333333,0.56,6.5537960389114,0.4511066666666667,8.270926693474822,8.403301916241533,MDA,3
Monaco,0.015669394641457758,34.581735008345625,2.3619741874506954,19.105432491152285,69.7367247358979,3.463485396117226,9.704813504034526,0.04004,3.749421813861007,99.9013557234227,0.0034533333333333334,0.6799999999999999,0.06724358182937197,79.18997838501345,73.75091023463854,0.632,4.548685489393817,1.0,8.784575359285585,8.03013401805287,MCO,2
Mongolia,0.021679999999999998,31.298694668829064,4.018875221155741,15.691267337041431,117.20314233180352,3.505489503601953,9.633206923770205,0.06110666666666667,1.9978763496636174,206.5080013510121,0.03322666666666666,0.08620321358631686,0.23892,69.94666666666667,62.21333333333334,0.636,6.419135665245547,0.6510666666666667,8.396725305494867,8.38130029365389,MNG,3
Montenegro,0.012453333333333335,27.91152846262223,3.2876265232045605,19.16254502110989,116.02476761315526,2.9921148657808514,9.499067372987769,0.07545333333333333,2.582805949448841,335.0808579976722,0.007813333333333334,0.3606691807317921,0.10254650547927467,76.53333333333333,71.64000000000001,1.463089235346028,5.790899212100195,0.6253066666666667,8.822207742640936,7.925225777669774,MNE,2
Morocco,0.02116,48.77616009229065,4.806511659318815,14.50208245121573,131.97723435316823,4.178598297304346,10.874359456723129,0.05617333333333333,2.1310245486025376,332.49673522158844,0.032146666666666664,0.31333333333333335,0.15570481922106186,71.32,67.96,0.716,7.4904450410513626,0.56516,9.832411935600707,9.155633292423488,MAR,3
Mozambique,0.04204,36.791374999062306,3.321640021663552,27.045493497413577,151.23605675037598,3.9580568988850042,9.925669131861143,0.06151999999999999,1.3632991281362579,228.49296945501936,0.08078666666666666,0.0,0.19014666666666666,49.666666666666664,47.49333333333334,0.18000000000000002,7.351830330135313,0.30508,8.244336375568244,8.312683674280084,MOZ,1
Myanmar,0.01848,42.42773661921282,4.014003614445848,39.73302010389394,155.23414973100242,4.157847635336111,9.911811082505418,0.020066666666666667,0.9500705411970937,194.79006620579375,0.04712,0.0,0.15808,66.10666666666667,62.02666666666666,0.012000000000000002,7.708472623196487,0.30260000000000004,8.033589156939092,7.7151380932157565,MMR,1
Namibia,0.02808,26.01618879274141,3.5418741293578524,50.70455880679468,163.4396504263177,3.212987350634671,9.930001559517946,0.07468000000000001,2.476676370197282,313.39683628260195,0.04153333333333333,0.054666666666666676,0.11220000000000001,62.10666666666667,57.08,0.5640000000000001,6.323866604489739,0.39250666666666667,8.64740781917679,8.105780941238788,NAM,1
Nepal,0.02552,33.10047088503089,3.7670083920381527,29.030250048630897,142.75422842943786,3.988295823090344,10.06250763114858,0.05754666666666667,1.4024524372660057,349.213586268349,0.04150666666666667,0.03466666666666667,0.09404502807019215,67.04,64.92,0.21333333333333335,7.415764339752117,0.16054666666666667,8.455593759927742,8.538050378716205,NPL,1
Netherlands,0.01136,40.659975468580264,5.13837015298869,8.845210153335238,73.26411071500083,4.895559045229675,11.85083643690283,0.11112000000000001,3.6790559712141837,186.07036106746116,0.004280000000000001,0.8253333333333335,0.029039999999999996,82.25333333333333,78.03999999999999,1.1106666666666667,7.216488793404076,0.8478533333333333,10.253981131777191,10.274866406237264,NLD,0
New Caledonia,0.016906666666666667,42.378902391390824,3.407964950197914,28.245889298928113,84.29048103986867,3.3482592233182857,9.33876671530809,0.06111948435099031,3.139799576479462,173.36163120354806,0.006011384087972174,0.3706666666666667,0.14172462167486585,79.53333333333333,72.38666666666667,0.7333333333333333,5.384044905516172,0.6575466666666667,8.176644790735496,8.190766352202887,NCL,2
New Zealand,0.014306666666666665,35.51489776714445,4.548090652211517,7.055521597114364,80.86695884482133,4.244691791716723,11.088945554058766,0.09245333333333333,3.4063712622246864,176.0070938912982,0.005200000000000001,0.7133333333333333,0.07169333333333333,82.32,78.28,0.9626666666666668,6.627636273274822,0.8610133333333335,9.683925568841984,9.429448258503559,NZL,0
Nicaragua,0.024720000000000002,46.99003079676926,3.78969658826782,40.25662503512728,138.78842589518726,3.514466226852679,9.888555643604548,0.07009333333333334,1.9735735495707785,227.34218718970303,0.02421333333333333,0.054666666666666676,0.13149333333333335,76.02666666666667,69.81333333333333,0.4906666666666667,6.751627528059407,0.5662933333333334,8.429209925170126,8.401225234268841,NIC,3
Niger,0.05069333333333333,43.34622778722937,3.151213674650719,23.699921678145742,170.98059494113707,3.54392846285412,9.650510421927374,0.07237333333333333,1.3309021243565398,270.7193996062911,0.07437333333333333,0.0,0.2536590278641559,55.64,55.413333333333334,0.13333333333333333,7.162466553700009,0.17202666666666666,7.792009948546264,7.878109706730252,NER,1
Nigeria,0.0422,33.80288553127012,4.559786232342864,30.311207723786154,145.70629705136628,4.961089773641607,11.270077733467373,0.06213333333333334,1.8050689098152817,284.1858496478166,0.08936000000000001,0.15066666666666667,0.17868000000000003,50.44000000000001,49.666666666666664,0.35866666666666663,8.17551355553324,0.4137333333333333,8.556327077664521,9.621757842544996,NGA,1
North Macedonia,0.01121333333333333,17.2080665828061,4.0382572726938015,17.87605778436872,106.58842644673116,3.486039933207663,9.882303357046386,0.07522666666666668,2.4360840323395796,166.95683951917314,0.010280000000000001,0.41466666666666663,0.11093333333333334,76.86666666666666,72.21333333333334,0.7893333333333334,6.321208392472908,0.5729333333333333,8.233560050316372,8.094334337404183,MKD,2
Norway,0.012426666666666667,40.423536204248784,4.6679235911030075,8.947829263723088,36.086411465494976,4.4539957594804545,11.560062792154323,0.09672,3.8694001837478327,107.293497727875,0.003013333333333333,0.8506666666666666,0.05486577189915714,83.02666666666667,78.4,1.0653333333333335,6.678439004911253,0.784,9.667577647537872,10.086590053830998,NOR,0
Oman,0.02197333333333333,20.7901089003409,4.593547509694534,21.139283219156827,115.57377224508564,4.205209084349123,10.647268793691978,0.02662666666666667,2.6485706250132797,73.40211387539317,0.010586666666666666,0.2786666666666667,0.07110666666666667,77.49333333333334,73.2,1.0586666666666669,6.4295604958228605,0.73936,8.990589087936117,9.087413684958996,OMN,0
Pakistan,0.0274,36.10382741906361,5.0311688682157785,22.43144614315076,136.77659253199215,4.8682969522084285,11.169085814746868,0.03134666666666667,1.430011658267671,546.7372158421771,0.0768,0.09216869615797321,0.12915280812290308,66.41333333333334,64.8,0.392,8.219215999179797,0.3572,8.950926117776337,9.181698068374105,PAK,3
Panama,0.021253333333333332,43.150886526307076,4.0122610406060115,14.553385300553522,132.51543575804996,3.5704286798939515,10.348857861894192,0.07672,2.6688368868092196,482.5976151729058,0.017959999999999997,0.272,0.08232,79.41333333333334,73.76,1.108,6.546827500055658,0.6442533333333335,9.257429380006057,8.659982428191116,PAN,3
Papua New Guinea,0.03144,41.518133498628906,3.5640923503598865,51.02818664271058,151.32960441518,3.528555405248705,9.857037405289793,0.043173333333333334,1.6774495284989055,200.58307816419062,0.05298666666666667,0.0,0.11142666666666665,63.306666666666665,59.266666666666666,0.14666666666666667,6.811360008307601,0.13062666666666667,6.780116919630413,7.85146486934373,PNG,1
Paraguay,0.02510666666666667,39.21346704634036,3.8300582420237808,48.5836162876286,134.09680864723882,3.653806137195064,10.155901926537972,0.07328,2.2226170927929294,333.17642973405276,0.02225333333333334,0.13733333333333336,0.2704533333333333,73.70666666666666,69.6,0.7106666666666668,6.791195869550536,0.5791466666666667,8.18807100752674,8.30015738960531,PRY,3
Peru,0.021293333333333334,37.557476951467414,4.752497348520977,48.151433332572296,127.57465330865881,4.2724060105869786,11.03572403687435,0.04905333333333333,2.2905711461493463,365.689271954124,0.018440000000000005,0.26666666666666666,0.21781333333333333,75.84,70.54666666666667,0.6253333333333334,7.45494836475128,0.7599733333333334,9.296707183335732,9.109141995413983,PER,3
Philippines,0.0262,45.49580444504239,4.875187323978529,42.508441872779144,144.30361901228122,4.558895981430428,11.178003273310228,0.03956,1.819603760951502,192.64897220487586,0.02644,0.168,0.0848,71.37333333333335,64.54666666666667,0.6933333333333334,7.952444722410371,0.4591733333333334,9.52020683348801,9.456463508889755,PHL,3
Poland,0.010146666666666667,41.9588522021649,5.458012757533589,31.584371058117068,116.28868987804124,4.982044547811359,11.582453545626114,0.06585333333333333,2.818025301489351,368.48505448126883,0.0058666666666666685,0.47200000000000003,0.07849390029376657,80.02666666666667,71.61333333333333,1.0319999999999998,7.582673368575455,0.6116133333333332,9.960625906592714,9.858965159843503,POL,3
Portugal,0.0098,42.676719165995316,4.776828223469308,20.75462470633042,101.91617368600735,4.385195087012871,11.317650001359299,0.10101333333333334,3.299182637623055,308.11277795656935,0.0034533333333333334,0.44133333333333336,0.07389243000595558,82.16000000000001,75.61333333333333,1.1293333333333335,7.02210503553648,0.5911066666666666,10.058597311840739,9.624997332718403,PRT,0
Puerto Rico,0.012066666666666667,46.31728779973738,4.640335819285668,8.461063582539923,69.78091106818762,4.356727180130345,10.95500231067479,0.08036773457422194,3.281877440674317,191.22994682843807,0.003629067054822619,0.38400000000000006,0.06755277999855792,82.22666666666666,74.29333333333334,0.6613333333333333,6.574609557501474,0.93964,9.49907769646869,9.154548465092594,PRI,0
Qatar,0.013399999999999997,13.169693973975168,4.648291341790311,8.232732314119739,72.11896501834173,4.328274543156373,10.896171689881918,0.024986666666666667,3.192392131278079,43.82609646522101,0.008266666666666667,0.4413333333333333,0.0661764728100542,78.64,76.92,1.0293333333333332,6.0921538735013225,0.9806266666666666,9.097849528874018,9.336545237929622,QAT,0
Romania,0.010306666666666667,44.13347858040281,4.969541527345218,14.144919007087356,121.22052928666206,4.579136550280892,11.112734306571529,0.053493333333333344,2.5097416467490814,222.43697187076816,0.01516,0.30400000000000005,0.1789333333333333,76.49333333333334,69.37333333333332,0.8533333333333334,7.317151410027651,0.5352933333333334,9.152981488741377,9.159947858729824,ROU,3
Russian Federation,0.011493333333333333,50.79808677743008,6.017364571288868,29.06020992945927,133.74527956519358,5.745087548563304,12.045766136287295,0.05750666666666667,2.6454540650411755,350.2324897134594,0.012319999999999998,0.29733333333333334,0.1154,74.05333333333333,61.72,1.1373333333333335,8.155291946222865,0.7358399999999999,10.050917906521391,10.381336370314791,RUS,3
Rwanda,0.0376,34.1720196380245,3.0022791286491977,12.886569287926687,146.12001232006193,3.502423637265194,9.597326529533348,0.09050666666666668,1.530088414284216,173.17335941029236,0.05658666666666667,0.045333333333333344,0.17418404012214256,60.08,57.38666666666667,0.18000000000000002,7.007452216861485,0.21749333333333337,8.156354665064038,7.951194557337781,RWA,1
Saint Kitts and Nevis,0.015368739550168705,51.04772258903681,2.4871037848776636,18.966465029790122,139.60425695308075,1.8795208476223442,8.80351210398934,0.04633333333333334,2.760931697032894,169.60501902114876,0.00968,0.5546666666666666,0.09469333333333334,80.79339564116971,75.57937071981907,1.16,4.705259260300036,0.3195333333333333,7.984952106563802,7.078227695933833,KNA,2
Saint Lucia,0.016906666666666667,35.27125427985963,2.5976766541550305,17.1785651099757,94.9971682409324,2.1991682379528097,9.034315108079621,0.07233333333333335,2.6428157373989247,86.76518109694635,0.01412,0.3013333333333333,0.10763999999999999,76.12000000000002,71.32,0.872,5.234485636884658,0.21029333333333336,8.488039280566039,7.631828344049422,LCA,2
Saint Martin (French part),0.01704,44.70823617751861,2.187699866432987,33.49942680107152,77.07004870592677,1.6233884124298277,9.472616431379034,0.046020481414356516,3.519403653798166,76.50596886185508,0.003622868759186147,0.48206014495914223,0.10971322475474814,81.62666666666665,75.21333333333334,0.7109796327002752,4.465752293090591,0.9081914489092411,8.70164489834947,8.108106882656484,MAF,2
Saint Vincent and the Grenadines,0.017693333333333335,37.873228459984524,2.3119192879570085,14.865764568210592,104.38161168013421,1.8234138219372662,8.792626822730846,0.044239999999999995,2.4001445403111705,109.08639510528316,0.01876,0.2546666666666667,0.09712000000000001,73.92,69.56,0.9359999999999999,5.037423474184617,0.4792133333333333,7.979277918285894,7.165847438467887,VCT,2
Samoa,0.028519999999999997,20.38108892719968,2.30519180094962,23.955696045223743,105.49617863814062,1.913690262228162,8.684405423239907,0.05842666666666667,2.190950289710466,214.72976035593604,0.016373333333333333,0.054666666666666676,0.11299537045567458,74.98666666666666,68.64,0.2856085675730849,5.262783458802816,0.20629333333333336,7.988068861409607,7.2757029976905025,WSM,2
San Marino,0.01065332878799552,46.83713870070067,2.195255692950182,29.44838318098844,80.56159164935478,1.9906787333595362,9.275674634089073,0.05409333333333333,3.5382038803813654,111.86560687380901,0.0034,0.5017920948919982,0.06733093824483337,85.02666666666667,78.98669940165516,0.8346666666666667,4.480022630028383,0.9403733333333332,8.71630912183064,8.098525516228737,SMR,2
Sao Tome and Principe,0.03684,42.46313235081036,1.9163343246688873,20.430146123804924,154.7215853666495,1.7404883134248863,8.214401035734626,0.08272,1.9156092949697376,393.45551426512463,0.04405333333333334,0.15333333333333335,0.30249333333333334,67.13333333333331,63.34666666666667,0.34353664406169043,5.22215055317227,0.5997600000000001,6.9513808193835525,5.938967070762725,STP,1
Saudi Arabia,0.022000000000000006,21.454522682906845,5.495725647555603,33.29834216056482,113.69785545166262,5.09529674761614,11.626315317724265,0.036866666666666666,2.7507673621397397,129.28488911387083,0.01576,0.3106666666666667,0.10778380055028361,76.30666666666666,72.8,1.24,7.41160968961429,0.8155066666666667,9.806403687189512,10.129535110208094,SAU,0
Senegal,0.03884,44.72491708209091,3.731670078722733,28.31621723214339,175.54225206747682,3.4896048718214447,10.03114785066982,0.05050666666666666,1.6507749455265754,241.59624536521903,0.05228,0.10666666666666669,0.20871219721074968,63.279999999999994,60.21333333333334,0.4186666666666667,7.083546874017685,0.41718666666666665,8.462436991341665,8.164200665050295,SEN,1
Serbia,0.009613333333333333,35.39006390701014,4.578606929759184,23.504373722053334,122.2994857688718,4.2116690641812715,10.505899411630073,0.09885333333333333,2.612901872329618,275.66575186168205,0.007293333333333334,0.3402602280567706,0.16214666666666666,76.18666666666668,71.08,1.005658598583856,6.866284208634825,0.5486133333333335,8.78480443674733,8.80895463809615,SRB,3
Seychelles,0.01808,41.45221452351504,2.7588886436605375,36.68577552479226,125.74252376687524,2.2660750748831253,8.965516658460473,0.03779999999999999,2.584793676479088,86.19116709032348,0.012000000000000002,0.3543142561954476,0.11578666666666668,77.50873341125154,68.22279380118611,1.0213333333333334,4.934012610878359,0.5173333333333334,7.852452512491196,7.104070236326312,SYC,2
Sierra Leone,0.039893333333333336,32.5132970149522,2.861851376880321,18.2458872129733,143.24232829283855,3.1940720183432796,9.338029132889439,0.15418666666666664,1.7941517205346142,360.16529587797027,0.12089333333333334,0.0,0.22614666666666666,43.70666666666666,43.14666666666666,0.18892474750884877,6.73224981676756,0.3758666666666666,7.531940607034833,7.400137976757362,SLE,1
Singapore,0.010066666666666668,27.075766073820148,4.3739624994687025,5.568570407564368,32.07014735696871,4.405778627727041,11.250068242719022,0.03906666666666667,3.14977938886439,106.51505277813051,0.0021333333333333334,0.6466666666666666,0.05369333333333333,83.25333333333333,78.45333333333333,1.2346666666666666,6.673484104118662,1.0,9.983617920707246,10.148802416663102,SGP,0
Sint Maarten (Dutch part),0.012395768731668125,43.85789954779912,2.602251659161676,31.582120757177975,81.76910988026822,2.258538696400589,9.737840545573654,0.04178568767352107,3.78987656544206,87.09295859907083,0.0031662289639899166,0.75892707944577,0.07746328243543554,79.88284106756451,74.52442811550637,0.7073579979987585,4.575353856390222,1.0,8.820291205620652,8.012221154290634,SXM,2
Slovakia,0.01042666666666667,46.31155103752465,4.586670029228968,23.370270289111268,115.2461831111233,4.2510638215917655,10.868326322736413,0.07677333333333335,2.9681555455762676,280.6033922486046,0.007573333333333334,0.632,0.09294897003806117,78.77333333333333,71.09333333333333,0.9440000000000001,6.7311691082206,0.551,9.260671277872351,9.194245997046554,SVK,3
Slovenia,0.010186666666666667,36.570060159054194,4.244902166089234,30.124319668388406,88.68892881289324,3.8578393537336413,10.61870231131218,0.08598666666666667,3.2468787361263365,261.73314765757146,0.003173333333333333,0.5640000000000001,0.07489452316270435,81.97333333333334,75.2,0.9746666666666667,6.306583443409903,0.5024666666666666,9.359073437642149,9.057318203611612,SVN,0
Solomon Islands,0.033479999999999996,28.025760929972787,2.3696696416773677,47.620317662195085,147.01130625376646,1.9972421377424532,8.758283552051887,0.0688,1.9027003113866277,112.2787868860224,0.027853333333333334,0.03466666666666667,0.1391333333333333,67.69333333333333,65.0,0.17333333333333334,5.696905240759141,0.18993333333333334,7.388671430901187,7.475889670809743,SLB,1
Somalia,0.04598666666666666,42.36290415358376,2.8813325589807417,23.560406767865896,168.55569205465733,3.2999124010788408,9.526429291468597,0.06059380691808393,1.4536332525779068,230.643160540507,0.10048,0.0,0.16335440538795862,54.84,51.63999999999999,0.11066666666666668,6.95705235198403,0.3628666666666667,7.2718693468458175,7.816872009447608,SOM,1
South Africa,0.022199999999999998,34.56923614424904,5.366077530464195,26.168719051729795,120.58035248696044,5.058481494773348,11.43933095314399,0.08546666666666666,2.673054464787962,267.9541077021771,0.043440000000000006,0.17066666666666666,0.11561333333333333,55.013333333333335,51.89333333333333,0.8586666666666667,7.69277399620733,0.6092533333333333,9.939723534528362,9.761948433887598,ZAF,3
South Sudan,0.038573333333333334,41.15762193700167,3.107006522758849,31.47515121529732,173.3901495139996,3.900436723589951,9.914500001085347,0.03810659175803457,1.3965985231138316,223.92944148732926,0.07890666666666667,0.007628806606674463,0.18162917401774836,53.38666666666666,51.279999999999994,0.13362057791497017,6.954012381513738,0.1753733333333333,7.672978550126746,7.97714841361799,SSD,1
Spain,0.01052,46.09777018144815,5.502956789464231,37.98214963433825,109.73826080358008,5.1227178085109735,12.094841303371176,0.0884,3.394135825949542,231.09751631498185,0.00436,0.5613333333333334,0.04562177631917677,84.37333333333335,78.27999999999999,1.0306666666666666,7.653611058936743,0.7787333333333333,10.758411688422187,10.293718593147428,ESP,0
Sri Lanka,0.018613333333333332,53.109706383607865,4.172020252274716,38.49974579233154,136.09394518126558,4.003017816645299,10.550974601403972,0.03577333333333334,1.7966679825088978,259.87717334779785,0.010533333333333332,0.07866666666666668,0.1318666666666667,76.90666666666668,70.42666666666668,0.5226666666666667,7.302502551453849,0.18345333333333336,8.953314139932509,8.855908907985755,LKA,3
Sudan,0.03609333333333333,37.82351978310681,4.10533937762438,35.31974242439469,159.67094292000436,4.175730187538071,10.61342213154893,0.05916,1.84001667356856,191.7023979584605,0.05823999999999999,0.10539296121306951,0.19676324232225373,62.42666666666666,59.026666666666664,0.308,7.526269982867018,0.32948000000000005,8.184180182326427,8.822672424205718,SDN,1
Suriname,0.019306666666666663,28.727946103185264,3.3478346779948236,37.32397713453517,140.99882057089772,3.017644244951974,9.455011538890227,0.06274666666666666,2.5388577946116127,197.01701003348236,0.024146666666666667,0.18666666666666665,0.14812,73.05333333333333,66.46666666666667,0.8506666666666668,5.709201400729394,0.6645866666666667,7.805873403022398,7.677480465362117,SUR,2
Sweden,0.011680000000000001,51.779438069052055,4.70250337284803,15.917883706165222,41.01340695998377,4.696647943634999,11.624020904883468,0.09308000000000001,3.629842827050642,125.11634138588902,0.00276,0.8466666666666666,0.04548979733930449,83.21333333333332,79.05333333333333,1.0933333333333335,6.964693571084058,0.8474,9.996807469291419,10.124664699169612,SWE,0
Switzerland,0.010013333333333334,30.700228696597808,4.605612067233832,18.023617972957627,46.08749385993988,4.416932773353953,11.673301401101023,0.10774666666666666,3.8244724576574054,77.54467264260845,0.004079999999999999,0.7866666666666667,0.030466666666666663,84.21333333333334,79.61333333333333,1.096,6.883227548666429,0.7357466666666668,10.177520707588291,10.090305746089339,CHE,0
Syrian Arab Republic,0.026106666666666667,40.94017729493455,4.752181910203593,26.1001416415585,140.98234332290613,4.307900007272355,10.563556544489476,0.0382,1.9102006508184322,328.2681667730448,0.014653333333333334,0.12533333333333335,0.09363547852049929,77.10666666666665,72.52,0.3506666666666666,7.2988646638479215,0.5478400000000001,9.450981282639846,8.969781135138133,SYR,3
Tajikistan,0.03128,37.91272052995215,3.691989256209218,49.2772959150969,153.86364422286903,3.431201411892053,9.578078610466088,0.05337333333333334,1.442435341327174,228.01088918417614,0.050159999999999996,0.06400000000000002,0.2207466666666667,69.88000000000001,63.0,0.4506666666666667,6.859159918203649,0.26488,7.297017368411173,6.814943911554391,TJK,1
"Tanzania, United Republic of",0.04121333333333334,42.975179951777164,3.6968701524773886,27.372310643248785,158.93020390288896,4.216741665014262,10.260862549587857,0.056679999999999994,1.3775363275520829,186.24068136268548,0.049760000000000006,0.0,0.15374666666666664,57.46666666666667,55.68,0.30933333333333335,7.6227598328063895,0.26572000000000007,9.036148205060446,8.829459061568404,TZA,1
Thailand,0.0118,38.18145369934716,5.430115686352852,32.08701451583715,102.88668273956,5.008802994582689,11.382263187116049,0.037693333333333336,2.140331042573717,266.14875892882276,0.014000000000000002,0.19066666666666668,0.06577333333333332,76.53333333333333,69.81333333333333,0.828,7.818570650582176,0.40948000000000007,10.295017668080549,9.779355070166703,THA,3
Timor-Leste,0.037293333333333324,28.052438092011418,2.352859609804646,39.687029459015235,159.71941255063533,2.248506874354987,8.84677200601624,0.06822666666666666,1.6013835713057913,256.0534872971108,0.05869333333333333,0.008805643988072135,0.13568506373704164,66.17333333333333,63.066666666666656,0.2506115621853582,6.012713313045125,0.28056000000000003,7.356338056532787,7.360408250221197,TLS,1
Togo,0.03778666666666666,50.85918168673357,3.109484934593587,52.809608683244555,169.98142542218866,3.391773735441476,9.427241294804016,0.06914666666666666,1.4725625579556514,271.3663920908435,0.06433333333333334,0.0,0.1967057764136201,55.74666666666667,54.06666666666667,0.2626666666666667,6.77275464230031,0.3641066666666667,7.648913270534947,7.686405030531777,TGO,1
Tonga,0.027853333333333334,27.308783501992927,2.275034988186979,25.78056521061806,117.66645041565826,1.8431295540831811,8.499213849483557,0.05442666666666666,2.2238869159586034,162.636203518126,0.01249333333333333,0.13066666666666668,0.11589333333333333,74.56,69.11999999999999,0.3866666666666667,5.010864569236459,0.23277333333333333,7.44979592730182,7.175720127562741,TON,2
Trinidad and Tobago,0.014999999999999998,33.10157777053446,4.511899716005676,39.37505996244942,104.43021445406791,4.2414402967145515,10.270710197596475,0.051133333333333336,2.8581922580902814,211.21083083224948,0.02217333333333334,0.39466666666666667,0.1036,73.07999999999998,65.72,1.0933333333333333,6.118152970026953,0.09477333333333332,8.745160440289093,8.186428950611056,TTO,3
Tunisia,0.017893333333333334,48.67681299971692,4.401925287433238,11.59342087544388,97.34333716276363,3.954261146296178,10.578913441518347,0.060840000000000005,2.352508461557375,218.10661710657456,0.017533333333333335,0.24933333333333335,0.09309776090100626,76.25333333333333,72.25333333333333,0.7853333333333334,7.012929606796338,0.6548133333333335,9.462823043991722,8.711407978963013,TUN,3
Turkmenistan,0.022293333333333328,35.01002822971169,4.675979797654416,17.762092401403496,118.14953174913258,4.298857835430212,10.164548362083641,0.024640000000000002,1.99154227321124,222.63006465419184,0.054560000000000004,0.024000000000000004,0.27582492551831306,68.92,60.72,0.3866666666666667,6.69034439036505,0.47768,8.328729275086875,8.25631092988542,TKM,1
Turks and Caicos Islands,0.016025832408750832,40.336260196869524,2.116636035128036,29.544596594048947,79.88915876116377,1.5126179415767014,9.08859452392274,0.05415152870025624,3.493031639507288,85.98207286420822,0.003766070816347348,0.5,0.07374146377419656,82.24253569271447,75.89447970626219,0.7451312468697301,4.452309932330977,0.88996,8.67219937048396,8.094180109918398,TCA,2
Türkiye,0.018493333333333337,44.684246410741075,5.418854800769544,9.41326999235509,112.93637544523509,4.983166766836009,11.75299254571575,0.060160000000000005,2.674961495794473,244.6902235038504,0.02274666666666667,0.30000000000000004,0.2896022356950334,76.81333333333333,69.92,0.7706666666666668,7.844903786142148,0.6929866666666666,10.348174235270326,9.596071646208259,TUR,3
Uganda,0.045666666666666654,35.53269696515914,3.436022655801648,30.377683568103034,156.86621486979482,3.777649769680456,10.083398680895765,0.08764,1.5284400601511265,218.94014256576205,0.059719999999999995,0.054666666666666676,0.2098266666666667,55.6,54.45333333333334,0.24000000000000002,7.496203352877512,0.13818666666666665,8.707598473348702,8.443246627808374,UGA,1
Ukraine,0.010226666666666665,54.92265208701321,5.430826260813524,29.3605140065433,136.9408466910665,5.090243022077952,11.0512782834441,0.06976,2.224462675039888,352.27545730565964,0.011453333333333334,0.14533333333333334,0.18025333333333332,74.8,63.86666666666666,0.9373333333333332,7.667622921817444,0.6826933333333334,9.587142154694662,9.511191025621953,UKR,3
United Arab Emirates,0.015893333333333332,14.095515314811875,5.03434969401909,16.366352652025377,107.59852072324881,4.661338073344612,11.379261874944154,0.027746666666666673,3.0742278710625612,19.55105622191786,0.007973333333333334,0.5853333333333334,0.08399458633807784,77.13333333333334,75.13333333333334,1.2213333333333334,6.782312034884118,0.8318533333333333,9.536644190498723,9.805914701209884,ARE,0
United Kingdom of Great Britain and Northern Ireland,0.012573333333333332,35.58314685155657,5.725892282367119,12.973826113183025,57.42655882898102,5.314914067999475,12.365545949052148,0.08846666666666667,3.5193451005501686,117.71449663517963,0.004693333333333333,0.7733333333333334,0.02782666666666667,81.96000000000001,77.86666666666666,1.1293333333333335,7.790036128590619,0.8062933333333333,10.610655205615863,10.829579222585755,GBR,0
United States of America,0.013653333333333335,46.45476096876117,6.6880188363982604,5.453333333333333,89.25887589546458,6.350133142877697,13.146918956122446,0.16669333333333333,3.8713829688193124,246.67979137715201,0.006546666666666668,0.696,0.048639999999999996,80.50666666666666,75.46666666666667,0.8013333333333333,8.480746384304679,0.8036266666666667,11.173364890907067,11.029389941850692,USA,0
Uruguay,0.015199999999999998,43.01299064792001,3.98063595655461,39.07956856752343,130.96065303779562,3.630994416229916,10.4333765550956,0.08786666666666668,2.8489301294540086,324.4974997442413,0.011506666666666669,0.3533333333333334,0.2043866666666667,79.70666666666666,72.67999999999999,0.9106666666666666,6.525444806066036,0.9387333333333334,9.05227808414553,8.656897234671556,URY,3
Uzbekistan,0.02188,40.83093099229474,5.033757065644525,19.34891273880388,135.06612680073917,4.636969584605864,10.395920973828995,0.05414666666666667,1.6963100405519116,201.50292265902493,0.04326666666666667,0.15333333333333335,0.17728832368085617,71.03999999999999,64.45333333333333,0.41466666666666663,7.438105223035335,0.36456,7.946426436887232,8.233651860441258,UZB,3
Vanuatu,0.028386666666666664,11.98333545774978,2.0554571341860437,42.674410622922025,127.92166966519868,1.749224531793942,8.725937637762032,0.037373333333333335,1.948088479279268,125.58967962694321,0.016680000000000004,0.08,0.06573333333333332,72.07999999999998,68.13333333333334,0.3333333333333333,5.347947223115368,0.23884000000000002,8.203057099065314,7.338152157990432,VUT,2
"Venezuela, Bolivarian Republic of",0.02136,49.607468339316235,5.234579912443635,28.630496415583217,108.32176493090365,4.761746739564993,11.36432421514608,0.05334666666666667,2.6445452172072517,285.26322057888467,0.014786666666666667,0.26533333333333337,0.1935466666666667,76.74666666666667,70.83999999999999,0.7853333333333334,7.445420805332139,0.8866533333333332,8.899439515503445,9.341894181446555,VEN,3
Viet Nam,0.016653333333333336,39.97827880185655,5.1159017377667855,42.315525974531276,123.07538042114551,4.7174011651460575,10.929089821922783,0.06319999999999999,1.7499904572956226,285.0129827106678,0.022173333333333333,0.22800000000000004,0.12340000000000001,79.78666666666666,70.37333333333332,0.7653333333333333,7.92780759672148,0.28918666666666665,9.531077477698684,9.148238685374674,VNM,3
"Virgin Islands, U.S.",0.012546666666666666,32.24012366327952,2.7410467382819292,21.898512502298953,76.60457318624259,2.763134457194687,9.32318902188278,0.057967612968713146,3.3072413175118385,115.17993818832382,0.0032273987440059816,0.3186666666666666,0.08450562212048038,82.09333333333333,75.83999999999999,0.7434036837344189,5.02911738523768,0.9414533333333334,8.91972775969051,8.49982406853982,VIR,2
Yemen,0.033800000000000004,43.24848402711612,4.150424009404229,37.82876311253286,163.1195053551823,3.850764275973182,10.355052051657427,0.049853333333333326,1.7299144112006435,243.98822736461187,0.051120000000000006,0.07600000000000001,0.20266666666666666,63.373333333333335,60.72,0.2973333333333334,7.331155043148725,0.3039466666666667,8.620887161456517,8.28022489716907,YEM,1
Zambia,0.04358666666666667,17.208128934758307,3.2885791097476944,24.55906015442663,128.00006108341043,3.7998306184733215,10.045198114808164,0.06420000000000001,1.7610864543266038,201.34529411431546,0.06988,0.054666666666666676,0.23722666666666667,51.96000000000001,49.96000000000001,0.29333333333333333,7.092263331016448,0.3773066666666666,8.065488165291193,8.03997736458275,ZMB,1
Zimbabwe,0.032,36.0545513553305,3.841431605917491,37.279180543027685,154.4611618476261,3.9290209631145347,9.861603319121059,0.06204404798485648,1.4193330396753419,261.1249166532604,0.05782666666666667,0.11600000000000002,1.0127184860367442,49.38666666666666,49.373333333333335,0.32266666666666666,7.112671457079002,0.33594666666666667,8.50577357597644,8.093959512740922,ZWE,1
